qaautourl,qaautoName,qaautoLastName,qaautoEmail,qaautoPassword,qaautoRepeatPwd
https://qauto2.forstudy.space,Sam,Smit,teee4@gmailll.com,12345678Aa,12345678Aa
https://qauto2.forstudy.space,Sam,Smart,teee3@gmailll.com,12345678Aa,12345678Aa
https://qauto2.forstudy.space,Samuel1,Smart2,teee31@gmailll.com,12345678Aa,12345678Aa
https://qauto2.forstudy.space,Samuel',Smart',teee32@gmailll.com,12345678Aa,12345678Aa
https://qauto2.forstudy.space,Samuel%,Smart%,teee32@gmailll.com,12345678Aa,12345678Aa
https://qauto2.forstudy.space,Samuel,,teee1@gmailll.com,12345678Aa,12345678Aa
https://qauto2.forstudy.space,,Smart,teee2@gmailll.com,12345678Aa,12345678Aa
https://qauto2.forstudy.space,S,Smart,teee5@gmailll.com,12345678Aa,12345678Aa
https://qauto2.forstudy.space,Breadly,L,teee7@gmailll.com,12345678Aa,12345678Aa
https://qauto2.forstudy.space,Локаль,Україна,teee07@gmailll.com,12345678Aa,12345678Aa
https://qauto2.forstudy.space,Leo,Li,teee8gmailll.com,12345678Aa,12345678Aa
https://qauto2.forstudy.space,Adam,Sand,,12345678Aa,12345678Aa
https://qauto2.forstudy.space,Ada,Sandy,teee9@gmail,12345678Aa,12345678Aa
https://qauto2.forstudy.space,,, teee11gmailll.com,,
https://qauto2.forstudy.space,,, teee10@,,
https://qauto2.forstudy.space,Ada,Sandy,teee15@gmailll.com,123456a,123456a
https://qauto2.forstudy.space,Ada,Sandy,teee121@gmailll.com,qwertyAa,qwertyAa
https://qauto2.forstudy.space,New,Man,teee12@gmailll.com,123456,123456a
https://qauto2.forstudy.space,Neww,Mann,teee12@gm.com,123456a,123456
https://qauto2.forstudy.space,Newww,Mannn,teee13@gm.com,,123456
https://qauto2.forstudy.space,Newwww,Mannnn,teee14@gm.com,123456a,
https://qauto.forstudy.space,Sam,Smit,teee4@gmailll.com,12345678Aa,12345678Aa
https://qauto.forstudy.space,Sam,Smart,teee3@gmailll.com,12345678Aa,12345678Aa
https://qauto.forstudy.space,Samuel1,Smart2,teee31@gmailll.com,12345678Aa,12345678Aa
https://qauto.forstudy.space,Samuel',Smart',teee32@gmailll.com,12345678Aa,12345678Aa
https://qauto.forstudy.space,Samuel%,Smart%,teee32@gmailll.com,12345678Aa,12345678Aa
https://qauto.forstudy.space,Samuel,,teee1@gmailll.com,12345678Aa,12345678Aa
https://qauto.forstudy.space,,Smart,teee2@gmailll.com,12345678Aa,12345678Aa
https://qauto.forstudy.space,S,Smart,teee5@gmailll.com,12345678Aa,12345678Aa
https://qauto.forstudy.space,Breadly,L,teee7@gmailll.com,12345678Aa,12345678Aa
https://qauto.forstudy.space,Локаль,Україна,teee07@gmailll.com,12345678Aa,12345678Aa
https://qauto.forstudy.space,Leo,Li,teee8gmailll.com,12345678Aa,12345678Aa
https://qauto.forstudy.space,Adam,Sand,,12345678Aa,12345678Aa
https://qauto.forstudy.space,Ada,Sandy,teee9@gmail,12345678Aa,12345678Aa
https://qauto.forstudy.space,,, teee11gmailll.com,,
https://qauto.forstudy.space,,, teee10@,,
https://qauto.forstudy.space,Ada,Sandy,teee15@gmailll.com,123456a,123456a
https://qauto.forstudy.space,Ada,Sandy,teee121@gmailll.com,qwertyAa,qwertyAa
https://qauto.forstudy.space,New,Man,teee12@gmailll.com,123456,123456a
https://qauto.forstudy.space,Neww,Mann,teee12@gm.com,123456a,123456
https://qauto.forstudy.space,Newww,Mannn,teee13@gm.com,,123456
https://qauto.forstudy.space,Newwww,Mannnn,teee14@gm.com,123456a,