qaautourl,qaautoName,qaautoLastName,qaautoEmail,qaautoPassword,qaautoRepeatPwd,qaautoPhoto,qaautoDateBirth,qaautoCountry
https://qauto2.forstudy.space,Adam,Sandler,teee4@gmailll.com,12345678Aa,12345678Aa,default-user.png,2021-03-17T15:21:05.000Z,Ukraine
https://qauto2.forstudy.space,Breadly,Cooper,teee3@gmailll.com,12345678Aa,12345678Aa,123.jpeg,2022-11-20T11:09:55.000Z,Canada
https://qauto2.forstudy.space,Vanessa,Paradi,teee31@gmailll.com,12345678Aa,12345678Aa,default-user.png,,Italy
https://qauto2.forstudy.space,Tom,Cruz,teee32@gmailll.com,12345678Aa,12345678Aa,default-user.png,2021-03-17T15:21:05.000Z,Italy
https://qauto2.forstudy.space,Leo,Di,teee32@gmailll.com,12345678Aa,12345678Aa,,2021-03-17T15:21:05.000Z,Canada
https://qauto2.forstudy.space,Smb,Special,teee1@gmailll.com,12345678Aa,12345678Aa,default-user.heic,2021-03-17T15:21:05.000Z,Ukraine
https://qauto.forstudy.space,Adam,Sandler,teee4@gmailll.com,12345678Aa,12345678Aa,default-user.png,2021-03-17T15:21:05.000Z,Ukraine
https://qauto.forstudy.space,Breadly,Cooper,teee3@gmailll.com,12345678Aa,12345678Aa,123.jpeg,2022-11-20T11:09:55.000Z,Canada
https://qauto.forstudy.space,Vanessa,Paradi,teee31@gmailll.com,12345678Aa,12345678Aa,default-user.png,,Italy
https://qauto.forstudy.space,Tom,Cruz,teee32@gmailll.com,12345678Aa,12345678Aa,default-user.png,2021-03-17T15:21:05.000Z,Italy
https://qauto.forstudy.space,Leo,Di,teee32@gmailll.com,12345678Aa,12345678Aa,,2021-03-17T15:21:05.000Z,Canada
https://qauto.forstudy.space,Smb,Special,teee1@gmailll.com,12345678Aa,12345678Aa,default-user.heic,2021-03-17T15:21:05.000Z,Ukraine